,origin_200,odd_0_200,even_0_200,odd_1_200,even_1_200,odd_3_200,even_3_200,kplus_odd_1_200,kplus_even_1_200,kplus_odd_3_200,kplus_even_3_200,OOitr_30_100_3,OOitr_40_100_3,OOitr_50_100_3,OOitr_30_66_5,OOitr_40_100_5,OOitr_50_66_5,OOitr_30_140_3,OOitr_40_140_3,OOitr_50_140_3,OOitr_30_200_5,OOitr_40_200_5,OOitr_50_200_5
car4,0.10292,0.06044,0.05842,0.05812,0.05910,0.05884,0.05845,0.19186,0.19320,0.19164,0.19160,6.74135,7.54609,8.29052,4.87582,7.24082,6.78061,7.50030,8.60221,9.72005,8.44106,9.99254,11.56513
